[
  {
    "id": "1740696192557",
    "name": "Heimlich",
    "discordId": "237627631149776896",
    "rank": "Administrator",
    "datePromoted": "2025-02-24",
    "strike1": false,
    "strike1Date": null,
    "strike2": false,
    "strike2Date": null,
    "strike3": false,
    "strike3Date": null,
    "watchlist": false,
    "watchlistReason": "",
    "purgatory": false
  },
  {
    "id": "1740696240148",
    "name": "Buck",
    "discordId": "902900812282478654",
    "rank": "Senior Administrator",
    "datePromoted": "2024-09-30",
    "strike1": false,
    "strike1Date": null,
    "strike2": false,
    "strike2Date": null,
    "strike3": false,
    "strike3Date": null,
    "watchlist": false,
    "watchlistReason": "",
    "purgatory": false
  },
  {
    "id": "1740697226369",
    "name": "Mars",
    "discordId": "939739603924054046",
    "rank": "Administrator",
    "datePromoted": "2025-02-24",
    "strike1": false,
    "strike1Date": null,
    "strike2": false,
    "strike2Date": null,
    "strike3": false,
    "strike3Date": null,
    "watchlist": false,
    "watchlistReason": "",
    "purgatory": false
  },
  {
    "id": "1740697660294",
    "name": "Xylo",
    "discordId": "818356686490304512",
    "rank": "Administrator",
    "datePromoted": "2024-07-31",
    "strike1": false,
    "strike1Date": null,
    "strike2": false,
    "strike2Date": null,
    "strike3": false,
    "strike3Date": null,
    "watchlist": false,
    "watchlistReason": "",
    "purgatory": false
  },
  {
    "id": "1740697790046",
    "name": "Miguel",
    "discordId": "533112170452484107",
    "rank": "Senior Administrator",
    "datePromoted": "2024-12-01",
    "strike1": false,
    "strike1Date": null,
    "strike2": false,
    "strike2Date": null,
    "strike3": false,
    "strike3Date": null,
    "watchlist": false,
    "watchlistReason": "",
    "purgatory": false
  },
  {
    "id": "1740697848599",
    "name": "Z. Zero",
    "discordId": "771488414905663508",
    "rank": "Staff Supervisor",
    "datePromoted": "2025-02-22",
    "strike1": false,
    "strike1Date": null,
    "strike2": false,
    "strike2Date": null,
    "strike3": false,
    "strike3Date": null,
    "watchlist": false,
    "watchlistReason": "",
    "purgatory": false
  },
  {
    "id": "1740697934527",
    "name": "Marcus Larsen",
    "discordId": "526367902534729729",
    "rank": "Staff Supervisor",
    "datePromoted": "2025-02-01",
    "strike1": false,
    "strike1Date": null,
    "strike2": false,
    "strike2Date": null,
    "strike3": false,
    "strike3Date": null,
    "watchlist": false,
    "watchlistReason": "",
    "purgatory": false
  },
  {
    "id": "1740698587400",
    "name": "J. Smith",
    "discordId": "911746912766558248",
    "rank": "Staff Supervisor",
    "datePromoted": "2025-02-01",
    "strike1": false,
    "strike1Date": null,
    "strike2": false,
    "strike2Date": null,
    "strike3": false,
    "strike3Date": null,
    "watchlist": false,
    "watchlistReason": "",
    "purgatory": false
  },
  {
    "id": "1740698587401",
    "name": "Raven",
    "discordId": "339873931773345792",
    "rank": "Staff Supervisor",
    "datePromoted": "2025-02-24",
    "strike1": false,
    "strike1Date": null,
    "strike2": false,
    "strike2Date": null,
    "strike3": false,
    "strike3Date": null,
    "watchlist": false,
    "watchlistReason": "",
    "purgatory": false
  },
  {
    "id": "1740698587402",
    "name": "Ria",
    "discordId": "737508653900234843",
    "rank": "Senior Moderator",
    "datePromoted": "2025-02-01",
    "strike1": false,
    "strike1Date": null,
    "strike2": false,
    "strike2Date": null,
    "strike3": false,
    "strike3Date": null,
    "watchlist": false,
    "watchlistReason": "",
    "purgatory": false
  },
  {
    "id": "1740698587403",
    "name": "Edward",
    "discordId": "981019073909510204",
    "rank": "Senior Moderator",
    "datePromoted": "2025-02-01",
    "strike1": false,
    "strike1Date": null,
    "strike2": false,
    "strike2Date": null,
    "strike3": false,
    "strike3Date": null,
    "watchlist": false,
    "watchlistReason": "",
    "purgatory": false
  },
  {
    "id": "1740698587404",
    "name": "Banks",
    "discordId": "1030649744789344307",
    "rank": "Senior Moderator",
    "datePromoted": "2025-02-24",
    "strike1": false,
    "strike1Date": null,
    "strike2": false,
    "strike2Date": null,
    "strike3": false,
    "strike3Date": null,
    "watchlist": false,
    "watchlistReason": "",
    "purgatory": false
  },
  {
    "id": "1740698587405",
    "name": "T. Tropic",
    "discordId": "1010344838073417868",
    "rank": "Senior Moderator",
    "datePromoted": "2025-02-01",
    "strike1": false,
    "strike1Date": null,
    "strike2": false,
    "strike2Date": null,
    "strike3": false,
    "strike3Date": null,
    "watchlist": false,
    "watchlistReason": "",
    "purgatory": false
  },
  {
    "id": "1740698587406",
    "name": "Xeno",
    "discordId": "649458344725184524",
    "rank": "Senior Moderator",
    "datePromoted": "2025-02-08",
    "strike1": false,
    "strike1Date": null,
    "strike2": false,
    "strike2Date": null,
    "strike3": false,
    "strike3Date": null,
    "watchlist": true,
    "watchlistReason": "Neglecting Staff Duties",
    "purgatory": false
  },
  {
    "id": "1740698587407",
    "name": "Allah",
    "discordId": "778084313135972352",
    "rank": "Senior Moderator",
    "datePromoted": "2025-02-22",
    "strike1": false,
    "strike1Date": null,
    "strike2": false,
    "strike2Date": null,
    "strike3": false,
    "strike3Date": null,
    "watchlist": false,
    "watchlistReason": "",
    "purgatory": false
  },
  {
    "id": "1740698587408",
    "name": "Cross De Santa",
    "discordId": "244664405676130305",
    "rank": "Discord Support",
    "datePromoted": "2025-02-15",
    "strike1": false,
    "strike1Date": null,
    "strike2": false,
    "strike2Date": null,
    "strike3": false,
    "strike3Date": null,
    "watchlist": false,
    "watchlistReason": "",
    "purgatory": false
  },
  {
    "id": "1740698587409",
    "name": "M. Arthur",
    "discordId": "930197760181960767",
    "rank": "Moderator",
    "datePromoted": "2025-02-15",
    "strike1": true,
    "strike1Date": "2025-02-24",
    "strike2": false,
    "strike2Date": null,
    "strike3": false,
    "strike3Date": null,
    "watchlist": false,
    "watchlistReason": "",
    "purgatory": false
  },
  {
    "id": "1740698587411",
    "name": "C. Hoover",
    "discordId": "1003907479488430080",
    "rank": "Moderator",
    "datePromoted": "2025-02-22",
    "strike1": false,
    "strike1Date": null,
    "strike2": false,
    "strike2Date": null,
    "strike3": false,
    "strike3Date": null,
    "watchlist": false,
    "watchlistReason": "",
    "purgatory": false
  },
  {
    "id": "1740698587412",
    "name": "Segura",
    "discordId": "1050213534673412136",
    "rank": "Moderator",
    "datePromoted": "2025-02-15",
    "strike1": false,
    "strike1Date": null,
    "strike2": false,
    "strike2Date": null,
    "strike3": false,
    "strike3Date": null,
    "watchlist": false,
    "watchlistReason": "",
    "purgatory": false
  },
  {
    "id": "1740698587413",
    "name": "N. Darza",
    "discordId": "1030124072396410951",
    "rank": "Moderator",
    "datePromoted": "2025-02-22",
    "strike1": false,
    "strike1Date": null,
    "strike2": false,
    "strike2Date": null,
    "strike3": false,
    "strike3Date": null,
    "watchlist": false,
    "watchlistReason": "",
    "purgatory": false
  },
  {
    "id": "1740698587414",
    "name": "Ghost",
    "discordId": "800099258153566209",
    "rank": "Moderator",
    "datePromoted": "2025-02-15",
    "strike1": true,
    "strike1Date": "2025-02-24",
    "strike2": false,
    "strike2Date": null,
    "strike3": false,
    "strike3Date": null,
    "watchlist": true,
    "watchlistReason": "Insubordination",
    "purgatory": false
  },
  {
    "id": "1740698587415",
    "name": "D. Vargas",
    "discordId": "1173741605392486520",
    "rank": "Moderator",
    "datePromoted": "2025-02-15",
    "strike1": false,
    "strike1Date": null,
    "strike2": false,
    "strike2Date": null,
    "strike3": false,
    "strike3Date": null,
    "watchlist": false,
    "watchlistReason": "",
    "purgatory": false
  },
  {
    "id": "1740698587416",
    "name": "Miracle",
    "discordId": "814818455953342484",
    "rank": "Moderator",
    "datePromoted": "2025-02-08",
    "strike1": true,
    "strike1Date": "2025-02-24",
    "strike2": false,
    "strike2Date": null,
    "strike3": false,
    "strike3Date": null,
    "watchlist": false,
    "watchlistReason": "",
    "purgatory": false
  },
  {
    "id": "1740698587417",
    "name": "N. Kingston",
    "discordId": "574326597998346250",
    "rank": "Moderator",
    "datePromoted": "2025-02-24",
    "strike1": false,
    "strike1Date": null,
    "strike2": false,
    "strike2Date": null,
    "strike3": false,
    "strike3Date": null,
    "watchlist": false,
    "watchlistReason": "",
    "purgatory": false
  },
  {
    "id": "1740698587418",
    "name": "Smat",
    "discordId": "790292366698872841",
    "rank": "Moderator",
    "datePromoted": "2025-02-24",
    "strike1": false,
    "strike1Date": null,
    "strike2": false,
    "strike2Date": null,
    "strike3": false,
    "strike3Date": null,
    "watchlist": false,
    "watchlistReason": "",
    "purgatory": false
  },
  {
    "id": "1740698587419",
    "name": "Tracy",
    "discordId": "216747805899882506",
    "rank": "Trial Discord Support",
    "datePromoted": "2025-01-02",
    "strike1": false,
    "strike1Date": null,
    "strike2": false,
    "strike2Date": null,
    "strike3": false,
    "strike3Date": null,
    "watchlist": false,
    "watchlistReason": "",
    "purgatory": false
  },
  {
    "id": "1740698587421",
    "name": "A. Wallace",
    "discordId": "735352027500118048",
    "rank": "Trial Discord Support",
    "datePromoted": "2025-01-04",
    "strike1": false,
    "strike1Date": null,
    "strike2": false,
    "strike2Date": null,
    "strike3": false,
    "strike3Date": null,
    "watchlist": false,
    "watchlistReason": "",
    "purgatory": false
  },
  {
    "id": "1740698587422",
    "name": "K. Route",
    "discordId": "949425178264363030",
    "rank": "Trial Discord Support",
    "datePromoted": "2024-10-24",
    "strike1": false,
    "strike1Date": null,
    "strike2": false,
    "strike2Date": null,
    "strike3": false,
    "strike3Date": null,
    "watchlist": false,
    "watchlistReason": "",
    "purgatory": false
  },
  {
    "id": "1740698587423",
    "name": "Keegan Carter",
    "discordId": "851754674592022539",
    "rank": "Trial Discord Support",
    "datePromoted": "2025-02-10",
    "strike1": false,
    "strike1Date": null,
    "strike2": false,
    "strike2Date": null,
    "strike3": false,
    "strike3Date": null,
    "watchlist": false,
    "watchlistReason": "",
    "purgatory": false
  },
  {
    "id": "1740698587424",
    "name": "Rico",
    "discordId": "1312090553495851112",
    "rank": "Trial Discord Support",
    "datePromoted": "2025-01-30",
    "strike1": false,
    "strike1Date": null,
    "strike2": false,
    "strike2Date": null,
    "strike3": false,
    "strike3Date": null,
    "watchlist": false,
    "watchlistReason": "",
    "purgatory": false
  },
  {
    "id": "1740698587425",
    "name": "J. Andrew",
    "discordId": "897123114876559442",
    "rank": "Trial Discord Support",
    "datePromoted": "2025-01-28",
    "strike1": false,
    "strike1Date": null,
    "strike2": false,
    "strike2Date": null,
    "strike3": false,
    "strike3Date": null,
    "watchlist": false,
    "watchlistReason": "",
    "purgatory": false
  },
  {
    "id": "1740698587426",
    "name": "R. Rodney",
    "discordId": "518165179025063946",
    "rank": "Trial Discord Support",
    "datePromoted": "2025-02-23",
    "strike1": false,
    "strike1Date": null,
    "strike2": false,
    "strike2Date": null,
    "strike3": false,
    "strike3Date": null,
    "watchlist": false,
    "watchlistReason": "",
    "purgatory": false
  },
  {
    "id": "1740698587427",
    "name": "Lewis",
    "discordId": "325716566970859521",
    "rank": "Trial Discord Support",
    "datePromoted": "2025-01-16",
    "strike1": false,
    "strike1Date": null,
    "strike2": false,
    "strike2Date": null,
    "strike3": false,
    "strike3Date": null,
    "watchlist": false,
    "watchlistReason": "",
    "purgatory": false
  },
  {
    "id": "1740698587428",
    "name": "L. Smith",
    "discordId": "896476832310906901",
    "rank": "Trial Moderator",
    "datePromoted": "2025-02-14",
    "strike1": false,
    "strike1Date": null,
    "strike2": false,
    "strike2Date": null,
    "strike3": false,
    "strike3Date": null,
    "watchlist": true,
    "watchlistReason": "Possible Promotion, 7 Hours last 7 days, 23 hours last 14 days",
    "purgatory": false
  },
  {
    "id": "1740698587429",
    "name": "Westy",
    "discordId": "923840590020501514",
    "rank": "Trial Moderator",
    "datePromoted": "2025-02-23",
    "strike1": false,
    "strike1Date": null,
    "strike2": false,
    "strike2Date": null,
    "strike3": false,
    "strike3Date": null,
    "watchlist": false,
    "watchlistReason": "",
    "purgatory": false
  },
  {
    "id": "1740698587430",
    "name": "B. Martin",
    "discordId": "667784719697444874",
    "rank": "Trial Moderator",
    "datePromoted": "2025-02-20",
    "strike1": true,
    "strike1Date": "2025-02-24",
    "strike2": false,
    "strike2Date": null,
    "strike3": false,
    "strike3Date": null,
    "watchlist": false,
    "watchlistReason": "",
    "purgatory": false
  },
  {
    "id": "1740698587431",
    "name": "J. Jordison",
    "discordId": "488586600855633930",
    "rank": "Trial Moderator",
    "datePromoted": "2025-02-12",
    "strike1": false,
    "strike1Date": null,
    "strike2": false,
    "strike2Date": null,
    "strike3": false,
    "strike3Date": null,
    "watchlist": false,
    "watchlistReason": "",
    "purgatory": false
  },
  {
    "id": "1740698587432",
    "name": "Callum",
    "discordId": "820275749243977748",
    "rank": "Trial Moderator",
    "datePromoted": "2025-02-24",
    "strike1": false,
    "strike1Date": null,
    "strike2": false,
    "strike2Date": null,
    "strike3": false,
    "strike3Date": null,
    "watchlist": false,
    "watchlistReason": "",
    "purgatory": false
  },
  {
    "id": "1740698587433",
    "name": "J. Cartez",
    "discordId": "1166519559877054474",
    "rank": "Trial Moderator",
    "datePromoted": "2025-01-11",
    "strike1": true,
    "strike1Date": "2025-02-15",
    "strike2": false,
    "strike2Date": null,
    "strike3": false,
    "strike3Date": null,
    "watchlist": false,
    "watchlistReason": "",
    "purgatory": false
  },
  {
    "id": "1740698587434",
    "name": "D. Morgan",
    "discordId": "927771576982732860",
    "rank": "Trial Moderator",
    "datePromoted": "2025-02-16",
    "strike1": true,
    "strike1Date": "2025-02-24",
    "strike2": false,
    "strike2Date": null,
    "strike3": false,
    "strike3Date": null,
    "watchlist": false,
    "watchlistReason": "",
    "purgatory": true
  },
  {
    "id": "1740698587436",
    "name": "B. John",
    "discordId": "1063276911431786627",
    "rank": "Trial Moderator",
    "datePromoted": "2025-02-23",
    "strike1": false,
    "strike1Date": null,
    "strike2": false,
    "strike2Date": null,
    "strike3": false,
    "strike3Date": null,
    "watchlist": false,
    "watchlistReason": "",
    "purgatory": false
  },
  {
    "id": "1740698587437",
    "name": "L. Colyer",
    "discordId": "1029147961256575066",
    "rank": "Trial Moderator",
    "datePromoted": "2025-02-23",
    "strike1": false,
    "strike1Date": null,
    "strike2": false,
    "strike2Date": null,
    "strike3": false,
    "strike3Date": null,
    "watchlist": false,
    "watchlistReason": "",
    "purgatory": false
  },
  {
    "id": "1740698587438",
    "name": "Trentdog",
    "discordId": "992817171136786452",
    "rank": "Trial Moderator",
    "datePromoted": "2025-02-23",
    "strike1": false,
    "strike1Date": null,
    "strike2": false,
    "strike2Date": null,
    "strike3": false,
    "strike3Date": null,
    "watchlist": true,
    "watchlistReason": "Abuse of Perms, his Brother",
    "purgatory": false
  },
  {
    "id": "1740698587442",
    "name": "A. Forester",
    "discordId": "153319487750275073",
    "rank": "Trial Moderator",
    "datePromoted": "2025-02-23",
    "strike1": false,
    "strike1Date": null,
    "strike2": false,
    "strike2Date": null,
    "strike3": false,
    "strike3Date": null,
    "watchlist": false,
    "watchlistReason": "",
    "purgatory": false
  },
  {
    "id": "1740698587443",
    "name": "B. John",
    "discordId": "1082626297819316285",
    "rank": "Trial Moderator",
    "datePromoted": "2025-01-31",
    "strike1": false,
    "strike1Date": null,
    "strike2": false,
    "strike2Date": null,
    "strike3": false,
    "strike3Date": null,
    "watchlist": false,
    "watchlistReason": "",
    "purgatory": false
  },
  {
    "id": "1740698587445",
    "name": "Mikey",
    "discordId": "903591155181174784",
    "rank": "Trial Moderator",
    "datePromoted": "2025-01-20",
    "strike1": false,
    "strike1Date": null,
    "strike2": false,
    "strike2Date": null,
    "strike3": false,
    "strike3Date": null,
    "watchlist": false,
    "watchlistReason": "",
    "purgatory": false
  },
  {
    "id": "1740698587446",
    "name": "Nygren",
    "discordId": "620215172505665546",
    "rank": "Trial Moderator",
    "datePromoted": "2025-01-28",
    "strike1": false,
    "strike1Date": null,
    "strike2": false,
    "strike2Date": null,
    "strike3": false,
    "strike3Date": null,
    "watchlist": false,
    "watchlistReason": "",
    "purgatory": true
  },
  {
    "id": "1740698587447",
    "name": "Peyton",
    "discordId": "1326019808055005329",
    "rank": "Trial Moderator",
    "datePromoted": "2025-02-19",
    "strike1": false,
    "strike1Date": null,
    "strike2": false,
    "strike2Date": null,
    "strike3": false,
    "strike3Date": null,
    "watchlist": true,
    "watchlistReason": "Unprofessional, Trolling",
    "purgatory": false
  },
  {
    "id": "1740698587448",
    "name": "E. Tritt",
    "discordId": "986036204304736296",
    "rank": "Trial Moderator",
    "datePromoted": "2025-02-17",
    "strike1": false,
    "strike1Date": null,
    "strike2": false,
    "strike2Date": null,
    "strike3": false,
    "strike3Date": null,
    "watchlist": true,
    "watchlistReason": "Abuse of Perms",
    "purgatory": false
  },
  {
    "id": "1740698587449",
    "name": "Aidyn",
    "discordId": "977239557814775829",
    "rank": "Trial Moderator",
    "datePromoted": "2025-02-28",
    "strike1": false,
    "strike1Date": null,
    "strike2": false,
    "strike2Date": null,
    "strike3": false,
    "strike3Date": null,
    "watchlist": false,
    "watchlistReason": "",
    "purgatory": false
  },
  {
    "id": "1740698587450",
    "name": "Twizzla",
    "discordId": "531335413449752588",
    "rank": "Trial Moderator",
    "datePromoted": "2025-02-16",
    "strike1": false,
    "strike1Date": null,
    "strike2": false,
    "strike2Date": null,
    "strike3": false,
    "strike3Date": null,
    "watchlist": false,
    "watchlistReason": "",
    "purgatory": false
  },
  {
    "id": "1740698587451",
    "name": "Adam",
    "discordId": "1015995587390357635",
    "rank": "Trial Moderator",
    "datePromoted": "2025-02-24",
    "strike1": false,
    "strike1Date": null,
    "strike2": false,
    "strike2Date": null,
    "strike3": false,
    "strike3Date": null,
    "watchlist": false,
    "watchlistReason": "",
    "purgatory": false
  },
  {
    "id": "1740698587452",
    "name": "wp",
    "discordId": "586695801477136404",
    "rank": "Trial Moderator",
    "datePromoted": "2025-02-23",
    "strike1": false,
    "strike1Date": null,
    "strike2": false,
    "strike2Date": null,
    "strike3": false,
    "strike3Date": null,
    "watchlist": false,
    "watchlistReason": "",
    "purgatory": false
  },
  {
    "id": "1740698587453",
    "name": "K. Williams",
    "discordId": "1134926821541028031",
    "rank": "Trial Moderator",
    "datePromoted": "2025-02-16",
    "strike1": true,
    "strike1Date": "2025-02-24",
    "strike2": false,
    "strike2Date": null,
    "strike3": false,
    "strike3Date": null,
    "watchlist": false,
    "watchlistReason": "",
    "purgatory": true
  },
  {
    "id": "1740698587454",
    "name": "C. Manish",
    "discordId": "475656234599448586",
    "rank": "Trial Moderator",
    "datePromoted": "2025-01-10",
    "strike1": true,
    "strike1Date": "2025-02-15",
    "strike2": false,
    "strike2Date": null,
    "strike3": false,
    "strike3Date": null,
    "watchlist": false,
    "watchlistReason": "",
    "purgatory": false
  },
  {
    "id": "1740754027452",
    "name": "R. Davis",
    "discordId": "370274765572669441",
    "rank": "Trial Discord Support",
    "datePromoted": "2023-09-23",
    "strike1": false,
    "strike1Date": null,
    "strike2": false,
    "strike2Date": null,
    "strike3": false,
    "strike3Date": null,
    "watchlist": false,
    "watchlistReason": "",
    "purgatory": false
  },
  {
    "id": "1740776629589",
    "name": "Clinton",
    "discordId": "1050918157252051045",
    "rank": "Head of Staff",
    "datePromoted": "2024-09-30",
    "strike1": false,
    "strike1Date": null,
    "strike2": false,
    "strike2Date": null,
    "strike3": false,
    "strike3Date": null,
    "watchlist": false,
    "watchlistReason": "",
    "purgatory": false
  },
  {
    "id": "1740795420920",
    "name": "Nelson",
    "discordId": "494320886350872578",
    "rank": "High Staff",
    "datePromoted": "2025-03-01",
    "strike1": false,
    "strike1Date": null,
    "strike2": false,
    "strike2Date": null,
    "strike3": false,
    "strike3Date": null,
    "watchlist": false,
    "watchlistReason": "",
    "purgatory": false
  },
  {
    "id": "1740795430024",
    "name": "Abby",
    "discordId": "697312321046970418",
    "rank": "High Staff",
    "datePromoted": "2025-03-01",
    "strike1": false,
    "strike1Date": null,
    "strike2": false,
    "strike2Date": null,
    "strike3": false,
    "strike3Date": null,
    "watchlist": false,
    "watchlistReason": "",
    "purgatory": false
  },
  {
    "id": "1740795444425",
    "name": "Sosa",
    "discordId": "745187675169882185",
    "rank": "High Staff",
    "datePromoted": "2025-03-01",
    "strike1": false,
    "strike1Date": null,
    "strike2": false,
    "strike2Date": null,
    "strike3": false,
    "strike3Date": null,
    "watchlist": false,
    "watchlistReason": "",
    "purgatory": false
  },
  {
    "id": "1741217677613",
    "name": "T. Kelcer",
    "discordId": "1181048920458153984",
    "rank": "Trial Moderator",
    "datePromoted": "2025-03-05",
    "strike1": false,
    "strike1Date": null,
    "strike2": false,
    "strike2Date": null,
    "strike3": false,
    "strike3Date": null,
    "watchlist": false,
    "watchlistReason": "",
    "purgatory": false
  }
]